Age,Salary,Gender_Female,Gender_Male,Gender_None
-1.5430334996209196,-1.2344267996967355,1.0,0.0,0.0
0.0,-0.30860669992418405,0.0,1.0,0.0
0.3086066999241834,0.0,0.0,1.0,0.0
1.2344267996967349,1.543033499620919,0.0,0.0,1.0
